-- ============================================================
--   FLIGHT MANAGEMENT SYSTEM - Real World Data Population
--   Populates: airport, flight, schedule, scheduled_flight
--   Skipped (per request): user, booking, passenger
--
--   Buffer rule enforced: for any given flight_number, every
--   scheduled_flight instance is separated from the next one
--   by a MINIMUM gap of 48 hours between arrival and the next
--   departure (24h post-arrival turnaround + 24h pre-departure
--   prep window). All instances below use a 4-day cadence,
--   giving a ~70-90 hour gap, comfortably clear of the buffer.
-- ============================================================
SET SQL_SAFE_UPDATES = 0;
USE flight_management_db;

-- ------------------------------------------------------------
-- 0. CLEAN SLATE for the tables we are (re)populating
--    (user / booking / passenger are left untouched)
-- ------------------------------------------------------------
SET FOREIGN_KEY_CHECKS = 0;
DELETE FROM scheduled_flight;
DELETE FROM schedule;
DELETE FROM flight;
DELETE FROM airport;
ALTER TABLE scheduled_flight AUTO_INCREMENT = 1;
ALTER TABLE schedule AUTO_INCREMENT = 1;
ALTER TABLE flight AUTO_INCREMENT = 1;
SET FOREIGN_KEY_CHECKS = 1;

-- ------------------------------------------------------------
-- 1. AIRPORT
-- ------------------------------------------------------------
INSERT INTO airport (airport_code, airport_name, airport_location) VALUES
    ('DEL', 'Indira Gandhi International Airport', 'New Delhi'),
    ('BOM', 'Chhatrapati Shivaji Maharaj International Airport', 'Mumbai'),
    ('BLR', 'Kempegowda International Airport', 'Bangalore'),
    ('MAA', 'Chennai International Airport', 'Chennai'),
    ('HYD', 'Rajiv Gandhi International Airport', 'Hyderabad'),
    ('CCU', 'Netaji Subhas Chandra Bose International Airport', 'Kolkata'),
    ('COK', 'Cochin International Airport', 'Kochi'),
    ('AMD', 'Sardar Vallabhbhai Patel International Airport', 'Ahmedabad'),
    ('PNQ', 'Pune International Airport', 'Pune'),
    ('GOI', 'Manohar International Airport', 'Goa'),
    ('JAI', 'Jaipur International Airport', 'Jaipur'),
    ('LKO', 'Chaudhary Charan Singh International Airport', 'Lucknow');

-- ------------------------------------------------------------
-- 2. FLIGHT
--    (flight_number explicitly assigned 1-10 so it can be
--     referenced deterministically by scheduled_flight below)
-- ------------------------------------------------------------
INSERT INTO flight (flight_number, flight_model, carrier_name, seat_capacity) VALUES
    (1, 'Boeing 737-800', 'IndiGo', 189),
    (2, 'Airbus A320neo', 'IndiGo', 186),
    (3, 'Boeing 777-300ER', 'Air India', 342),
    (4, 'Airbus A321neo', 'Air India', 232),
    (5, 'Boeing 737 MAX 8', 'SpiceJet', 189),
    (6, 'Airbus A320', 'Vistara', 180),
    (7, 'ATR 72-600', 'Alliance Air', 70),
    (8, 'Airbus A321', 'Air India Express', 212),
    (9, 'Boeing 737-800', 'GoFirst', 186),
    (10, 'Airbus A320neo', 'AirAsia India', 180);

-- ------------------------------------------------------------
-- 3. SCHEDULE
--    (schedule_id explicitly assigned so scheduled_flight can
--     reference the exact row deterministically)
-- ------------------------------------------------------------
INSERT INTO schedule (schedule_id, source_airport, destination_airport, departure_date_time, arrival_date_time) VALUES
    (1, 'DEL', 'BOM', '2026-08-01 06:00:00', '2026-08-01 08:10:00'),
    (2, 'DEL', 'BOM', '2026-08-05 06:00:00', '2026-08-05 08:10:00'),
    (3, 'DEL', 'BOM', '2026-08-09 06:00:00', '2026-08-09 08:10:00'),
    (4, 'DEL', 'BOM', '2026-08-13 06:00:00', '2026-08-13 08:10:00'),
    (5, 'DEL', 'BOM', '2026-08-17 06:00:00', '2026-08-17 08:10:00'),
    (6, 'DEL', 'BOM', '2026-08-21 06:00:00', '2026-08-21 08:10:00'),
    (7, 'DEL', 'BOM', '2026-08-25 06:00:00', '2026-08-25 08:10:00'),
    (8, 'DEL', 'BOM', '2026-08-29 06:00:00', '2026-08-29 08:10:00'),
    (9, 'BOM', 'BLR', '2026-08-01 10:00:00', '2026-08-01 11:30:00'),
    (10, 'BOM', 'BLR', '2026-08-05 10:00:00', '2026-08-05 11:30:00'),
    (11, 'BOM', 'BLR', '2026-08-09 10:00:00', '2026-08-09 11:30:00'),
    (12, 'BOM', 'BLR', '2026-08-13 10:00:00', '2026-08-13 11:30:00'),
    (13, 'BOM', 'BLR', '2026-08-17 10:00:00', '2026-08-17 11:30:00'),
    (14, 'BOM', 'BLR', '2026-08-21 10:00:00', '2026-08-21 11:30:00'),
    (15, 'BOM', 'BLR', '2026-08-25 10:00:00', '2026-08-25 11:30:00'),
    (16, 'BOM', 'BLR', '2026-08-29 10:00:00', '2026-08-29 11:30:00'),
    (17, 'DEL', 'CCU', '2026-08-01 07:00:00', '2026-08-01 09:30:00'),
    (18, 'DEL', 'CCU', '2026-08-05 07:00:00', '2026-08-05 09:30:00'),
    (19, 'DEL', 'CCU', '2026-08-09 07:00:00', '2026-08-09 09:30:00'),
    (20, 'DEL', 'CCU', '2026-08-13 07:00:00', '2026-08-13 09:30:00'),
    (21, 'DEL', 'CCU', '2026-08-17 07:00:00', '2026-08-17 09:30:00'),
    (22, 'DEL', 'CCU', '2026-08-21 07:00:00', '2026-08-21 09:30:00'),
    (23, 'DEL', 'CCU', '2026-08-25 07:00:00', '2026-08-25 09:30:00'),
    (24, 'DEL', 'CCU', '2026-08-29 07:00:00', '2026-08-29 09:30:00'),
    (25, 'BLR', 'HYD', '2026-08-01 14:00:00', '2026-08-01 15:10:00'),
    (26, 'BLR', 'HYD', '2026-08-05 14:00:00', '2026-08-05 15:10:00'),
    (27, 'BLR', 'HYD', '2026-08-09 14:00:00', '2026-08-09 15:10:00'),
    (28, 'BLR', 'HYD', '2026-08-13 14:00:00', '2026-08-13 15:10:00'),
    (29, 'BLR', 'HYD', '2026-08-17 14:00:00', '2026-08-17 15:10:00'),
    (30, 'BLR', 'HYD', '2026-08-21 14:00:00', '2026-08-21 15:10:00'),
    (31, 'BLR', 'HYD', '2026-08-25 14:00:00', '2026-08-25 15:10:00'),
    (32, 'BLR', 'HYD', '2026-08-29 14:00:00', '2026-08-29 15:10:00'),
    (33, 'MAA', 'COK', '2026-08-01 09:00:00', '2026-08-01 10:15:00'),
    (34, 'MAA', 'COK', '2026-08-05 09:00:00', '2026-08-05 10:15:00'),
    (35, 'MAA', 'COK', '2026-08-09 09:00:00', '2026-08-09 10:15:00'),
    (36, 'MAA', 'COK', '2026-08-13 09:00:00', '2026-08-13 10:15:00'),
    (37, 'MAA', 'COK', '2026-08-17 09:00:00', '2026-08-17 10:15:00'),
    (38, 'MAA', 'COK', '2026-08-21 09:00:00', '2026-08-21 10:15:00'),
    (39, 'MAA', 'COK', '2026-08-25 09:00:00', '2026-08-25 10:15:00'),
    (40, 'MAA', 'COK', '2026-08-29 09:00:00', '2026-08-29 10:15:00'),
    (41, 'HYD', 'PNQ', '2026-08-01 16:00:00', '2026-08-01 17:20:00'),
    (42, 'HYD', 'PNQ', '2026-08-05 16:00:00', '2026-08-05 17:20:00'),
    (43, 'HYD', 'PNQ', '2026-08-09 16:00:00', '2026-08-09 17:20:00'),
    (44, 'HYD', 'PNQ', '2026-08-13 16:00:00', '2026-08-13 17:20:00'),
    (45, 'HYD', 'PNQ', '2026-08-17 16:00:00', '2026-08-17 17:20:00'),
    (46, 'HYD', 'PNQ', '2026-08-21 16:00:00', '2026-08-21 17:20:00'),
    (47, 'HYD', 'PNQ', '2026-08-25 16:00:00', '2026-08-25 17:20:00'),
    (48, 'HYD', 'PNQ', '2026-08-29 16:00:00', '2026-08-29 17:20:00'),
    (49, 'CCU', 'DEL', '2026-08-01 11:00:00', '2026-08-01 13:30:00'),
    (50, 'CCU', 'DEL', '2026-08-05 11:00:00', '2026-08-05 13:30:00'),
    (51, 'CCU', 'DEL', '2026-08-09 11:00:00', '2026-08-09 13:30:00'),
    (52, 'CCU', 'DEL', '2026-08-13 11:00:00', '2026-08-13 13:30:00'),
    (53, 'CCU', 'DEL', '2026-08-17 11:00:00', '2026-08-17 13:30:00'),
    (54, 'CCU', 'DEL', '2026-08-21 11:00:00', '2026-08-21 13:30:00'),
    (55, 'CCU', 'DEL', '2026-08-25 11:00:00', '2026-08-25 13:30:00'),
    (56, 'CCU', 'DEL', '2026-08-29 11:00:00', '2026-08-29 13:30:00'),
    (57, 'AMD', 'BOM', '2026-08-01 08:00:00', '2026-08-01 09:10:00'),
    (58, 'AMD', 'BOM', '2026-08-05 08:00:00', '2026-08-05 09:10:00'),
    (59, 'AMD', 'BOM', '2026-08-09 08:00:00', '2026-08-09 09:10:00'),
    (60, 'AMD', 'BOM', '2026-08-13 08:00:00', '2026-08-13 09:10:00'),
    (61, 'AMD', 'BOM', '2026-08-17 08:00:00', '2026-08-17 09:10:00'),
    (62, 'AMD', 'BOM', '2026-08-21 08:00:00', '2026-08-21 09:10:00'),
    (63, 'AMD', 'BOM', '2026-08-25 08:00:00', '2026-08-25 09:10:00'),
    (64, 'AMD', 'BOM', '2026-08-29 08:00:00', '2026-08-29 09:10:00'),
    (65, 'GOI', 'BLR', '2026-08-01 12:00:00', '2026-08-01 13:05:00'),
    (66, 'GOI', 'BLR', '2026-08-05 12:00:00', '2026-08-05 13:05:00'),
    (67, 'GOI', 'BLR', '2026-08-09 12:00:00', '2026-08-09 13:05:00'),
    (68, 'GOI', 'BLR', '2026-08-13 12:00:00', '2026-08-13 13:05:00'),
    (69, 'GOI', 'BLR', '2026-08-17 12:00:00', '2026-08-17 13:05:00'),
    (70, 'GOI', 'BLR', '2026-08-21 12:00:00', '2026-08-21 13:05:00'),
    (71, 'GOI', 'BLR', '2026-08-25 12:00:00', '2026-08-25 13:05:00'),
    (72, 'GOI', 'BLR', '2026-08-29 12:00:00', '2026-08-29 13:05:00'),
    (73, 'JAI', 'DEL', '2026-08-01 06:30:00', '2026-08-01 07:35:00'),
    (74, 'JAI', 'DEL', '2026-08-05 06:30:00', '2026-08-05 07:35:00'),
    (75, 'JAI', 'DEL', '2026-08-09 06:30:00', '2026-08-09 07:35:00'),
    (76, 'JAI', 'DEL', '2026-08-13 06:30:00', '2026-08-13 07:35:00'),
    (77, 'JAI', 'DEL', '2026-08-17 06:30:00', '2026-08-17 07:35:00'),
    (78, 'JAI', 'DEL', '2026-08-21 06:30:00', '2026-08-21 07:35:00'),
    (79, 'JAI', 'DEL', '2026-08-25 06:30:00', '2026-08-25 07:35:00'),
    (80, 'JAI', 'DEL', '2026-08-29 06:30:00', '2026-08-29 07:35:00');

ALTER TABLE schedule AUTO_INCREMENT = 81;

-- ------------------------------------------------------------
-- 4. SCHEDULED_FLIGHT
--    available_seats starts equal to the aircraft's full
--    capacity since no bookings are being populated here.
-- ------------------------------------------------------------
INSERT INTO scheduled_flight (schedule_flight_id, flight_number, schedule_id, available_seats, ticket_cost) VALUES
    (1, 1, 1, 189, 4500.00),
    (2, 1, 2, 189, 4590.00),
    (3, 1, 3, 189, 4680.00),
    (4, 1, 4, 189, 4770.00),
    (5, 1, 5, 189, 4860.00),
    (6, 1, 6, 189, 4950.00),
    (7, 1, 7, 189, 5040.00),
    (8, 1, 8, 189, 5130.00),
    (9, 2, 9, 186, 3800.00),
    (10, 2, 10, 186, 3876.00),
    (11, 2, 11, 186, 3952.00),
    (12, 2, 12, 186, 4028.00),
    (13, 2, 13, 186, 4104.00),
    (14, 2, 14, 186, 4180.00),
    (15, 2, 15, 186, 4256.00),
    (16, 2, 16, 186, 4332.00),
    (17, 3, 17, 342, 6200.00),
    (18, 3, 18, 342, 6324.00),
    (19, 3, 19, 342, 6448.00),
    (20, 3, 20, 342, 6572.00),
    (21, 3, 21, 342, 6696.00),
    (22, 3, 22, 342, 6820.00),
    (23, 3, 23, 342, 6944.00),
    (24, 3, 24, 342, 7068.00),
    (25, 4, 25, 232, 3200.00),
    (26, 4, 26, 232, 3264.00),
    (27, 4, 27, 232, 3328.00),
    (28, 4, 28, 232, 3392.00),
    (29, 4, 29, 232, 3456.00),
    (30, 4, 30, 232, 3520.00),
    (31, 4, 31, 232, 3584.00),
    (32, 4, 32, 232, 3648.00),
    (33, 5, 33, 189, 3400.00),
    (34, 5, 34, 189, 3468.00),
    (35, 5, 35, 189, 3536.00),
    (36, 5, 36, 189, 3604.00),
    (37, 5, 37, 189, 3672.00),
    (38, 5, 38, 189, 3740.00),
    (39, 5, 39, 189, 3808.00),
    (40, 5, 40, 189, 3876.00),
    (41, 6, 41, 180, 3600.00),
    (42, 6, 42, 180, 3672.00),
    (43, 6, 43, 180, 3744.00),
    (44, 6, 44, 180, 3816.00),
    (45, 6, 45, 180, 3888.00),
    (46, 6, 46, 180, 3960.00),
    (47, 6, 47, 180, 4032.00),
    (48, 6, 48, 180, 4104.00),
    (49, 7, 49, 70, 5200.00),
    (50, 7, 50, 70, 5304.00),
    (51, 7, 51, 70, 5408.00),
    (52, 7, 52, 70, 5512.00),
    (53, 7, 53, 70, 5616.00),
    (54, 7, 54, 70, 5720.00),
    (55, 7, 55, 70, 5824.00),
    (56, 7, 56, 70, 5928.00),
    (57, 8, 57, 212, 2800.00),
    (58, 8, 58, 212, 2856.00),
    (59, 8, 59, 212, 2912.00),
    (60, 8, 60, 212, 2968.00),
    (61, 8, 61, 212, 3024.00),
    (62, 8, 62, 212, 3080.00),
    (63, 8, 63, 212, 3136.00),
    (64, 8, 64, 212, 3192.00),
    (65, 9, 65, 186, 3100.00),
    (66, 9, 66, 186, 3162.00),
    (67, 9, 67, 186, 3224.00),
    (68, 9, 68, 186, 3286.00),
    (69, 9, 69, 186, 3348.00),
    (70, 9, 70, 186, 3410.00),
    (71, 9, 71, 186, 3472.00),
    (72, 9, 72, 186, 3534.00),
    (73, 10, 73, 180, 2600.00),
    (74, 10, 74, 180, 2652.00),
    (75, 10, 75, 180, 2704.00),
    (76, 10, 76, 180, 2756.00),
    (77, 10, 77, 180, 2808.00),
    (78, 10, 78, 180, 2860.00),
    (79, 10, 79, 180, 2912.00),
    (80, 10, 80, 180, 2964.00);

ALTER TABLE scheduled_flight AUTO_INCREMENT = 81;

-- ------------------------------------------------------------
-- 1. FLIGHT (new entries, flight_number 11-15)
-- ------------------------------------------------------------
INSERT INTO flight (flight_number, flight_model, carrier_name, seat_capacity) VALUES
    (11, 'Boeing 737 MAX 8', 'Akasa Air', 189),
    (12, 'Airbus A320', 'Air India', 158),
    (13, 'Airbus A321', 'Vistara', 188),
    (14, 'Boeing 737-800', 'SpiceJet', 189),
    (15, 'Airbus A320neo', 'AirAsia India', 180);

-- ------------------------------------------------------------
-- 2. SCHEDULE (new entries, schedule_id 81-85)
-- ------------------------------------------------------------
INSERT INTO schedule (schedule_id, source_airport, destination_airport, departure_date_time, arrival_date_time) VALUES
    (81, 'DEL', 'BOM', '2026-08-01 08:30:00', '2026-08-01 10:40:00'),
    (82, 'DEL', 'BOM', '2026-08-01 12:00:00', '2026-08-01 14:15:00'),
    (83, 'DEL', 'BOM', '2026-08-01 15:30:00', '2026-08-01 17:40:00'),
    (84, 'DEL', 'BOM', '2026-08-01 18:00:00', '2026-08-01 20:20:00'),
    (85, 'DEL', 'BOM', '2026-08-01 21:00:00', '2026-08-01 23:10:00');

-- ------------------------------------------------------------
-- 3. SCHEDULED_FLIGHT (new entries, schedule_flight_id 81-85)
-- ------------------------------------------------------------
INSERT INTO scheduled_flight (schedule_flight_id, flight_number, schedule_id, available_seats, ticket_cost) VALUES
    (81, 11, 81, 189, 4200.00),
    (82, 12, 82, 158, 4700.00),
    (83, 13, 83, 188, 5100.00),
    (84, 14, 84, 189, 4600.00),
    (85, 15, 85, 180, 3900.00);

-- keep AUTO_INCREMENT counters ahead of the explicit ids used above
ALTER TABLE flight AUTO_INCREMENT = 16;
ALTER TABLE schedule AUTO_INCREMENT = 86;
ALTER TABLE scheduled_flight AUTO_INCREMENT = 86;